model,dataset,T,seed,depth,ann_accuracy,snn_accuracy,accuracy_drop,total_spikes,avg_spikes_per_sample,total_neurons,spike_density,snn_latency_ms_per_sample,ann_latency_ms_per_sample,E_SNN_pJ,E_ANN_pJ,energy_ratio,synops,mac_count,memory_mb,gpu_memory_mb
resnet18,cifar100,128,123,18,0.731,0.6914081649491044,0.039591835050895585,4802307291,480230.72911154124,262144,1.8319348492108964,65.17377246311557,0.2625,432207.6562003871,2576000000.0,0.00016778247523306953,480230,560000000,132.65534018039196,0.0
