model,dataset,T,seed,depth,ann_accuracy,snn_accuracy,accuracy_drop,total_spikes,avg_spikes_per_sample,total_neurons,spike_density,snn_latency_ms_per_sample,ann_latency_ms_per_sample,E_SNN_pJ,E_ANN_pJ,energy_ratio,synops,mac_count,memory_mb,gpu_memory_mb
resnet34,cifar10,8,123,34,0.941,0.45734213655138245,0.4836578634486175,290078608,29007.860821744358,393216,0.07377080490555918,5.657405994123353,0.3625,26107.07473956992,3357999999.9999995,7.774590452522313e-06,29007,730000000,146.96952953698002,0.0
