model,dataset,T,seed,depth,ann_accuracy,snn_accuracy,accuracy_drop,total_spikes,avg_spikes_per_sample,total_neurons,spike_density,snn_latency_ms_per_sample,ann_latency_ms_per_sample,E_SNN_pJ,E_ANN_pJ,energy_ratio,synops,mac_count,memory_mb,gpu_memory_mb
resnet34,mnist,64,42,34,0.996,0.9842051172062886,0.011794882793711436,996404687,99640.46870363421,393216,0.25339881567289785,45.95572512222131,0.3625,89676.42183327078,3357999999.9999995,2.670530727613782e-05,99640,730000000,197.36117831950034,0.0
