model,dataset,T,seed,depth,ann_accuracy,snn_accuracy,accuracy_drop,total_spikes,avg_spikes_per_sample,total_neurons,spike_density,snn_latency_ms_per_sample,ann_latency_ms_per_sample,E_SNN_pJ,E_ANN_pJ,energy_ratio,synops,mac_count,memory_mb,gpu_memory_mb
resnet18,cifar100,32,42,18,0.731,0.5702827639716588,0.1607172360283412,1154706366,115470.63661119738,262144,0.44048552174071265,17.023729555986865,0.2625,103923.57295007764,2576000000.0,4.034300192161399e-05,115470,560000000,184.15674026583608,0.0
