model,dataset,T,seed,depth,ann_accuracy,snn_accuracy,accuracy_drop,total_spikes,avg_spikes_per_sample,total_neurons,spike_density,snn_latency_ms_per_sample,ann_latency_ms_per_sample,E_SNN_pJ,E_ANN_pJ,energy_ratio,synops,mac_count,memory_mb,gpu_memory_mb
resnet34,cifar10,2,42,34,0.941,0.1507643927208492,0.7902356072791508,72791930,7279.193077957976,393216,0.018511945286961814,1.436116410069416,0.3625,6551.273770162179,3357999999.9999995,1.950945137034598e-06,7279,730000000,68.38482645108074,0.0
