model,dataset,T,seed,depth,ann_accuracy,snn_accuracy,accuracy_drop,total_spikes,avg_spikes_per_sample,total_neurons,spike_density,snn_latency_ms_per_sample,ann_latency_ms_per_sample,E_SNN_pJ,E_ANN_pJ,energy_ratio,synops,mac_count,memory_mb,gpu_memory_mb
resnet34,fashion_mnist,16,123,34,0.945,0.6091573261109209,0.33584267388907907,367414892,36741.489240973504,393216,0.09343843902835465,11.314811988246706,0.3625,33067.34031687616,3357999999.9999995,9.847331839450913e-06,36741,730000000,112.51437530537942,0.0
