model,dataset,T,seed,depth,ann_accuracy,snn_accuracy,accuracy_drop,total_spikes,avg_spikes_per_sample,total_neurons,spike_density,snn_latency_ms_per_sample,ann_latency_ms_per_sample,E_SNN_pJ,E_ANN_pJ,energy_ratio,synops,mac_count,memory_mb,gpu_memory_mb
resnet34,cifar100,8,7,34,0.751,0.3558396393740238,0.3951603606259762,418881279,41888.12795186614,393216,0.10652701810675592,5.589125510032507,0.3625,37699.31515667953,3357999999.9999995,1.122671684237032e-05,41888,730000000,153.91150519477287,0.0
