model,dataset,T,seed,depth,ann_accuracy,snn_accuracy,accuracy_drop,total_spikes,avg_spikes_per_sample,total_neurons,spike_density,snn_latency_ms_per_sample,ann_latency_ms_per_sample,E_SNN_pJ,E_ANN_pJ,energy_ratio,synops,mac_count,memory_mb,gpu_memory_mb
resnet18,cifar10,64,123,18,0.931,0.904093150793816,0.026906849206184025,1579255925,157925.5925844257,262144,0.6024383262040165,32.586886231557784,0.2625,142133.03332598312,2576000000.0,5.517586697437233e-05,157925,560000000,88.13089483558042,0.0
