model,dataset,T,seed,depth,ann_accuracy,snn_accuracy,accuracy_drop,total_spikes,avg_spikes_per_sample,total_neurons,spike_density,snn_latency_ms_per_sample,ann_latency_ms_per_sample,E_SNN_pJ,E_ANN_pJ,energy_ratio,synops,mac_count,memory_mb,gpu_memory_mb
resnet34,cifar100,16,7,34,0.751,0.47474797270735714,0.27625202729264287,837762559,83776.25590373228,393216,0.21305403621351185,11.178251020065014,0.3625,75398.63031335906,3357999999.9999995,2.245343368474064e-05,83776,730000000,154.08996209860464,0.0
