model,dataset,T,seed,depth,ann_accuracy,snn_accuracy,accuracy_drop,total_spikes,avg_spikes_per_sample,total_neurons,spike_density,snn_latency_ms_per_sample,ann_latency_ms_per_sample,E_SNN_pJ,E_ANN_pJ,energy_ratio,synops,mac_count,memory_mb,gpu_memory_mb
resnet34,cifar100,4,123,34,0.751,0.236052271404599,0.5149477285954009,211671219,21167.12199064969,393216,0.05383077491925479,2.8287029970616766,0.3625,19050.409791584723,3357999999.9999995,5.673141688976988e-06,21167,730000000,59.36998516000598,0.0
