model,dataset,T,seed,depth,ann_accuracy,snn_accuracy,accuracy_drop,total_spikes,avg_spikes_per_sample,total_neurons,spike_density,snn_latency_ms_per_sample,ann_latency_ms_per_sample,E_SNN_pJ,E_ANN_pJ,energy_ratio,synops,mac_count,memory_mb,gpu_memory_mb
resnet34,tiny_imagenet,128,123,34,0.641,0.5930408301915832,0.04795916980841686,9754577571,975457.7571856176,393216,2.480717359379114,90.51849590597365,0.3625,877911.9814670559,3357999999.9999995,0.0002614389462379559,975457,730000000,132.65534018039196,0.0
