model,dataset,T,seed,depth,ann_accuracy,snn_accuracy,accuracy_drop,total_spikes,avg_spikes_per_sample,total_neurons,spike_density,snn_latency_ms_per_sample,ann_latency_ms_per_sample,E_SNN_pJ,E_ANN_pJ,energy_ratio,synops,mac_count,memory_mb,gpu_memory_mb
resnet34,fashion_mnist,128,123,34,0.945,0.914707326110921,0.03029267388907897,2939319139,293931.91392778803,393216,0.7475075122268372,90.51849590597365,0.3625,264538.72253500926,3357999999.9999995,7.87786547156073e-05,293931,730000000,132.65534018039196,0.0
