model,dataset,T,seed,depth,ann_accuracy,snn_accuracy,accuracy_drop,total_spikes,avg_spikes_per_sample,total_neurons,spike_density,snn_latency_ms_per_sample,ann_latency_ms_per_sample,E_SNN_pJ,E_ANN_pJ,energy_ratio,synops,mac_count,memory_mb,gpu_memory_mb
resnet34,cifar100,32,7,34,0.751,0.5936563060406904,0.15734369395930958,1675525118,167552.51180746456,393216,0.4261080724270237,22.356502040130028,0.3625,150797.2606267181,3357999999.9999995,4.490686736948128e-05,167552,730000000,125.25679357271122,0.0
