model,dataset,T,seed,depth,ann_accuracy,snn_accuracy,accuracy_drop,total_spikes,avg_spikes_per_sample,total_neurons,spike_density,snn_latency_ms_per_sample,ann_latency_ms_per_sample,E_SNN_pJ,E_ANN_pJ,energy_ratio,synops,mac_count,memory_mb,gpu_memory_mb
resnet34,cifar10,64,123,34,0.941,0.9137271365513824,0.027272863448617568,2320628865,232062.88657395486,393216,0.5901664392444734,45.259247952986826,0.3625,208856.59791655937,3357999999.9999995,6.21967236201785e-05,232062,730000000,88.13089483558042,0.0
