model,dataset,T,seed,depth,ann_accuracy,snn_accuracy,accuracy_drop,total_spikes,avg_spikes_per_sample,total_neurons,spike_density,snn_latency_ms_per_sample,ann_latency_ms_per_sample,E_SNN_pJ,E_ANN_pJ,energy_ratio,synops,mac_count,memory_mb,gpu_memory_mb
resnet34,mnist,16,7,34,0.996,0.6538135356865966,0.3421864643134034,252508601,25250.86012805208,393216,0.06421625805677307,11.178251020065014,0.3625,22725.774115246873,3357999999.9999995,6.767651612640523e-06,25250,730000000,154.08996209860464,0.0
