model,dataset,T,seed,depth,ann_accuracy,snn_accuracy,accuracy_drop,total_spikes,avg_spikes_per_sample,total_neurons,spike_density,snn_latency_ms_per_sample,ann_latency_ms_per_sample,E_SNN_pJ,E_ANN_pJ,energy_ratio,synops,mac_count,memory_mb,gpu_memory_mb
resnet34,cifar10,128,7,34,0.941,0.9102015586781855,0.030798441321814418,4615835674,461583.5674985774,393216,1.1738677151961705,89.42600816052011,0.3625,415425.2107487197,3357999999.9999995,0.0001237120937310065,461583,730000000,132.23486097333057,0.0
