model,dataset,T,seed,depth,ann_accuracy,snn_accuracy,accuracy_drop,total_spikes,avg_spikes_per_sample,total_neurons,spike_density,snn_latency_ms_per_sample,ann_latency_ms_per_sample,E_SNN_pJ,E_ANN_pJ,energy_ratio,synops,mac_count,memory_mb,gpu_memory_mb
resnet18,cifar100,64,7,18,0.731,0.6872692820934845,0.043730717906515504,2248622690,224862.26901222664,262144,0.8577814827431741,33.992910144915825,0.2625,202376.04211100398,2576000000.0,7.856212814868167e-05,224862,560000000,88.0120516155954,0.0
