model,dataset,T,seed,depth,ann_accuracy,snn_accuracy,accuracy_drop,total_spikes,avg_spikes_per_sample,total_neurons,spike_density,snn_latency_ms_per_sample,ann_latency_ms_per_sample,E_SNN_pJ,E_ANN_pJ,energy_ratio,synops,mac_count,memory_mb,gpu_memory_mb
resnet34,cifar100,2,42,34,0.751,0.12276153063033413,0.6282384693696659,100891617,10089.161791016151,393216,0.025658065264425028,1.436116410069416,0.3625,9080.245611914537,3357999999.9999995,2.70406361283935e-06,10089,730000000,68.38482645108074,0.0
