model,dataset,T,seed,depth,ann_accuracy,snn_accuracy,accuracy_drop,total_spikes,avg_spikes_per_sample,total_neurons,spike_density,snn_latency_ms_per_sample,ann_latency_ms_per_sample,E_SNN_pJ,E_ANN_pJ,energy_ratio,synops,mac_count,memory_mb,gpu_memory_mb
resnet34,cifar100,16,123,34,0.751,0.4738689380712656,0.2771310619287344,846684879,84668.48796259877,393216,0.21532309967701915,11.314811988246706,0.3625,76201.6391663389,3357999999.9999995,2.269256675590795e-05,84668,730000000,112.51437530537942,0.0
