model,dataset,T,seed,depth,ann_accuracy,snn_accuracy,accuracy_drop,total_spikes,avg_spikes_per_sample,total_neurons,spike_density,snn_latency_ms_per_sample,ann_latency_ms_per_sample,E_SNN_pJ,E_ANN_pJ,energy_ratio,synops,mac_count,memory_mb,gpu_memory_mb
resnet34,mnist,8,42,34,0.996,0.49118511720628855,0.5048148827937115,124550585,12455.058587954276,393216,0.03167485195911223,5.744465640277664,0.3625,11209.552729158848,3357999999.9999995,3.3381634095172273e-06,12455,730000000,168.11340378299354,0.0
