model,dataset,T,seed,depth,ann_accuracy,snn_accuracy,accuracy_drop,total_spikes,avg_spikes_per_sample,total_neurons,spike_density,snn_latency_ms_per_sample,ann_latency_ms_per_sample,E_SNN_pJ,E_ANN_pJ,energy_ratio,synops,mac_count,memory_mb,gpu_memory_mb
resnet18,cifar100,16,123,18,0.731,0.4623614982824377,0.26863850171756226,600288411,60028.841138942655,262144,0.22899185615136206,8.146721557889446,0.2625,54025.95702504839,2576000000.0,2.097280940413369e-05,60028,560000000,112.51437530537942,0.0
