model,dataset,T,seed,depth,ann_accuracy,snn_accuracy,accuracy_drop,total_spikes,avg_spikes_per_sample,total_neurons,spike_density,snn_latency_ms_per_sample,ann_latency_ms_per_sample,E_SNN_pJ,E_ANN_pJ,energy_ratio,synops,mac_count,memory_mb,gpu_memory_mb
resnet18,cifar100,8,42,18,0.731,0.3412360973049922,0.38976390269500777,288676591,28867.659152799344,262144,0.11012138043517816,4.255932388996716,0.2625,25980.89323751941,2576000000.0,1.0085750480403497e-05,28867,560000000,168.11340378299354,0.0
