model,dataset,T,seed,depth,ann_accuracy,snn_accuracy,accuracy_drop,total_spikes,avg_spikes_per_sample,total_neurons,spike_density,snn_latency_ms_per_sample,ann_latency_ms_per_sample,E_SNN_pJ,E_ANN_pJ,energy_ratio,synops,mac_count,memory_mb,gpu_memory_mb
resnet34,mnist,64,7,34,0.996,0.9824935356865965,0.013506464313403521,1010034405,101003.44051220833,393216,0.2568650322270923,44.713004080260056,0.3625,90903.0964609875,3357999999.9999995,2.707060645056209e-05,101003,730000000,88.0120516155954,0.0
