model,dataset,T,seed,depth,ann_accuracy,snn_accuracy,accuracy_drop,total_spikes,avg_spikes_per_sample,total_neurons,spike_density,snn_latency_ms_per_sample,ann_latency_ms_per_sample,E_SNN_pJ,E_ANN_pJ,energy_ratio,synops,mac_count,memory_mb,gpu_memory_mb
resnet34,cifar100,4,7,34,0.751,0.23693130604069046,0.5140686939593095,209440639,20944.06397593307,393216,0.05326350905337796,2.7945627550162535,0.3625,18849.657578339764,3357999999.9999995,5.61335842118516e-06,20944,730000000,69.28553041537994,0.0
