model,dataset,T,seed,depth,ann_accuracy,snn_accuracy,accuracy_drop,total_spikes,avg_spikes_per_sample,total_neurons,spike_density,snn_latency_ms_per_sample,ann_latency_ms_per_sample,E_SNN_pJ,E_ANN_pJ,energy_ratio,synops,mac_count,memory_mb,gpu_memory_mb
resnet18,cifar100,4,42,18,0.731,0.22671276397165888,0.5042872360283411,144338295,14433.829576399672,262144,0.05506069021758908,2.127966194498358,0.2625,12990.446618759705,2576000000.0,5.0428752402017484e-06,14433,560000000,185.8406415035468,0.0
