model,dataset,T,seed,depth,ann_accuracy,snn_accuracy,accuracy_drop,total_spikes,avg_spikes_per_sample,total_neurons,spike_density,snn_latency_ms_per_sample,ann_latency_ms_per_sample,E_SNN_pJ,E_ANN_pJ,energy_ratio,synops,mac_count,memory_mb,gpu_memory_mb
resnet34,tiny_imagenet,128,42,34,0.641,0.6001802866212206,0.04081971337877943,9911006852,991100.6852525946,393216,2.5204993826614244,91.91145024444262,0.3625,891990.6167273351,3357999999.9999995,0.00026563151183065377,991100,730000000,168.11277531542083,0.0
