model,dataset,T,seed,depth,ann_accuracy,snn_accuracy,accuracy_drop,total_spikes,avg_spikes_per_sample,total_neurons,spike_density,snn_latency_ms_per_sample,ann_latency_ms_per_sample,E_SNN_pJ,E_ANN_pJ,energy_ratio,synops,mac_count,memory_mb,gpu_memory_mb
resnet34,cifar100,2,7,34,0.751,0.11802297270735713,0.6329770272926428,104720319,10472.031987966535,393216,0.02663175452668898,1.3972813775081268,0.3625,9424.828789169882,3357999999.9999995,2.80667921059258e-06,10472,730000000,180.5373805955127,0.0
