model,dataset,T,seed,depth,ann_accuracy,snn_accuracy,accuracy_drop,total_spikes,avg_spikes_per_sample,total_neurons,spike_density,snn_latency_ms_per_sample,ann_latency_ms_per_sample,E_SNN_pJ,E_ANN_pJ,energy_ratio,synops,mac_count,memory_mb,gpu_memory_mb
resnet34,tiny_imagenet,128,7,34,0.641,0.5972080501215775,0.0437919498784225,10101655270,1010165.5270449433,393216,2.5689837825646546,89.42600816052011,0.3625,909148.974340449,3357999999.9999995,0.00027074120736761436,1010165,730000000,132.23486097333057,0.0
