model,dataset,T,seed,depth,ann_accuracy,snn_accuracy,accuracy_drop,total_spikes,avg_spikes_per_sample,total_neurons,spike_density,snn_latency_ms_per_sample,ann_latency_ms_per_sample,E_SNN_pJ,E_ANN_pJ,energy_ratio,synops,mac_count,memory_mb,gpu_memory_mb
resnet34,cifar10,16,123,34,0.941,0.6094704698847156,0.3315295301152843,580157216,58015.721643488716,393216,0.14754160981111836,11.314811988246706,0.3625,52214.14947913984,3357999999.9999995,1.5549180905044627e-05,58015,730000000,112.51437530537942,0.0
