model,dataset,T,seed,depth,ann_accuracy,snn_accuracy,accuracy_drop,total_spikes,avg_spikes_per_sample,total_neurons,spike_density,snn_latency_ms_per_sample,ann_latency_ms_per_sample,E_SNN_pJ,E_ANN_pJ,energy_ratio,synops,mac_count,memory_mb,gpu_memory_mb
resnet18,cifar100,32,7,18,0.731,0.5727459487601511,0.15825405123984893,1124311345,112431.13450611332,262144,0.42889074137158706,16.996455072457913,0.2625,101188.02105550199,2576000000.0,3.9281064074340837e-05,112431,560000000,125.25679357271122,0.0
