model,dataset,T,seed,depth,ann_accuracy,snn_accuracy,accuracy_drop,total_spikes,avg_spikes_per_sample,total_neurons,spike_density,snn_latency_ms_per_sample,ann_latency_ms_per_sample,E_SNN_pJ,E_ANN_pJ,energy_ratio,synops,mac_count,memory_mb,gpu_memory_mb
resnet34,cifar10,32,42,34,0.941,0.7592777260541824,0.18172227394581753,1164670892,116467.08924732762,393216,0.296191124591389,22.977862561110655,0.3625,104820.38032259486,3357999999.9999995,3.1215122192553566e-05,116467,730000000,184.15674026583608,0.0
