model,dataset,T,seed,depth,ann_accuracy,snn_accuracy,accuracy_drop,total_spikes,avg_spikes_per_sample,total_neurons,spike_density,snn_latency_ms_per_sample,ann_latency_ms_per_sample,E_SNN_pJ,E_ANN_pJ,energy_ratio,synops,mac_count,memory_mb,gpu_memory_mb
resnet18,mnist,128,7,18,0.995,0.9778384084771241,0.017161591522875885,1284664201,128466.42016676208,262144,0.49006050173477966,67.98582028983165,0.2625,115619.77815008587,2576000000.0,4.4883454250809734e-05,128466,560000000,132.23486097333057,0.0
