model,dataset,T,seed,depth,ann_accuracy,snn_accuracy,accuracy_drop,total_spikes,avg_spikes_per_sample,total_neurons,spike_density,snn_latency_ms_per_sample,ann_latency_ms_per_sample,E_SNN_pJ,E_ANN_pJ,energy_ratio,synops,mac_count,memory_mb,gpu_memory_mb
resnet18,cifar100,4,123,18,0.731,0.2333148316157711,0.4976851683842289,150072102,15007.210284735664,262144,0.057247964037840514,2.0366803894723615,0.2625,13506.489256262097,2576000000.0,5.243202351033423e-06,15007,560000000,59.36998516000598,0.0
