model,dataset,T,seed,depth,ann_accuracy,snn_accuracy,accuracy_drop,total_spikes,avg_spikes_per_sample,total_neurons,spike_density,snn_latency_ms_per_sample,ann_latency_ms_per_sample,E_SNN_pJ,E_ANN_pJ,energy_ratio,synops,mac_count,memory_mb,gpu_memory_mb
resnet34,mnist,32,7,34,0.996,0.8181535356865967,0.17784646431340334,505017202,50501.72025610416,393216,0.12843251611354614,22.356502040130028,0.3625,45451.54823049375,3357999999.9999995,1.3535303225281046e-05,50501,730000000,125.25679357271122,0.0
