model,dataset,T,seed,depth,ann_accuracy,snn_accuracy,accuracy_drop,total_spikes,avg_spikes_per_sample,total_neurons,spike_density,snn_latency_ms_per_sample,ann_latency_ms_per_sample,E_SNN_pJ,E_ANN_pJ,energy_ratio,synops,mac_count,memory_mb,gpu_memory_mb
resnet34,cifar100,64,42,34,0.751,0.7173031972970008,0.03369680270299924,3228531773,322853.17731251684,393216,0.8210580884616009,45.95572512222131,0.3625,290567.8595812652,3357999999.9999995,8.65300356108592e-05,322853,730000000,197.36117831950034,0.0
