model,dataset,T,seed,depth,ann_accuracy,snn_accuracy,accuracy_drop,total_spikes,avg_spikes_per_sample,total_neurons,spike_density,snn_latency_ms_per_sample,ann_latency_ms_per_sample,E_SNN_pJ,E_ANN_pJ,energy_ratio,synops,mac_count,memory_mb,gpu_memory_mb
resnet34,cifar10,64,7,34,0.941,0.9102015586781855,0.030798441321814418,2307917837,230791.7837492887,393216,0.5869338575980853,44.713004080260056,0.3625,207712.60537435985,3357999999.9999995,6.185604686550324e-05,230791,730000000,88.0120516155954,0.0
