model,dataset,T,seed,depth,ann_accuracy,snn_accuracy,accuracy_drop,total_spikes,avg_spikes_per_sample,total_neurons,spike_density,snn_latency_ms_per_sample,ann_latency_ms_per_sample,E_SNN_pJ,E_ANN_pJ,energy_ratio,synops,mac_count,memory_mb,gpu_memory_mb
resnet34,cifar10,2,123,34,0.941,0.1530854698847157,0.7879145301152842,72519652,7251.9652054360895,393216,0.018442701226389795,1.4143514985308383,0.3625,6526.76868489248,3357999999.9999995,1.9436476131305783e-06,7251,730000000,177.76242254013096,0.0
