model,dataset,T,seed,depth,ann_accuracy,snn_accuracy,accuracy_drop,total_spikes,avg_spikes_per_sample,total_neurons,spike_density,snn_latency_ms_per_sample,ann_latency_ms_per_sample,E_SNN_pJ,E_ANN_pJ,energy_ratio,synops,mac_count,memory_mb,gpu_memory_mb
resnet18,cifar10,128,123,18,0.931,0.904093150793816,0.026906849206184025,3158511851,315851.1851688514,262144,1.204876652408033,65.17377246311557,0.2625,284266.06665196625,2576000000.0,0.00011035173394874466,315851,560000000,132.65534018039196,0.0
