model,dataset,T,seed,depth,ann_accuracy,snn_accuracy,accuracy_drop,total_spikes,avg_spikes_per_sample,total_neurons,spike_density,snn_latency_ms_per_sample,ann_latency_ms_per_sample,E_SNN_pJ,E_ANN_pJ,energy_ratio,synops,mac_count,memory_mb,gpu_memory_mb
resnet18,cifar100,8,123,18,0.731,0.3478381649491044,0.38316183505089557,300144205,30014.420569471327,262144,0.11449592807568103,4.073360778944723,0.2625,27012.978512524194,2576000000.0,1.0486404702066846e-05,30014,560000000,146.96952953698002,0.0
