model,dataset,T,seed,depth,ann_accuracy,snn_accuracy,accuracy_drop,total_spikes,avg_spikes_per_sample,total_neurons,spike_density,snn_latency_ms_per_sample,ann_latency_ms_per_sample,E_SNN_pJ,E_ANN_pJ,energy_ratio,synops,mac_count,memory_mb,gpu_memory_mb
resnet34,cifar100,128,123,34,0.751,0.7116856047379323,0.0393143952620677,6773479037,677347.9037007901,393216,1.7225847974161532,90.51849590597365,0.3625,609613.1133307111,3357999999.9999995,0.0001815405340472636,677347,730000000,132.65534018039196,0.0
