model,dataset,T,seed,depth,ann_accuracy,snn_accuracy,accuracy_drop,total_spikes,avg_spikes_per_sample,total_neurons,spike_density,snn_latency_ms_per_sample,ann_latency_ms_per_sample,E_SNN_pJ,E_ANN_pJ,energy_ratio,synops,mac_count,memory_mb,gpu_memory_mb
resnet18,cifar100,2,123,18,0.731,0.11879149828243778,0.6122085017175622,75036051,7503.605142367832,262144,0.028623982018920257,1.0183401947361808,0.2625,6753.244628131049,2576000000.0,2.6216011755167114e-06,7503,560000000,177.76242254013096,0.0
