model,dataset,T,seed,depth,ann_accuracy,snn_accuracy,accuracy_drop,total_spikes,avg_spikes_per_sample,total_neurons,spike_density,snn_latency_ms_per_sample,ann_latency_ms_per_sample,E_SNN_pJ,E_ANN_pJ,energy_ratio,synops,mac_count,memory_mb,gpu_memory_mb
resnet34,cifar10,4,123,34,0.941,0.30521380321804903,0.6357861967819509,145039304,14503.930410872179,393216,0.03688540245277959,2.8287029970616766,0.3625,13053.53736978496,3357999999.9999995,3.887295226261157e-06,14503,730000000,59.36998516000598,0.0
