model,dataset,T,seed,depth,ann_accuracy,snn_accuracy,accuracy_drop,total_spikes,avg_spikes_per_sample,total_neurons,spike_density,snn_latency_ms_per_sample,ann_latency_ms_per_sample,E_SNN_pJ,E_ANN_pJ,energy_ratio,synops,mac_count,memory_mb,gpu_memory_mb
resnet18,mnist,128,123,18,0.995,0.9757405996358332,0.019259400364166845,1371653276,137165.32765222364,262144,0.5232442003334947,65.17377246311557,0.2625,123448.79488700128,2576000000.0,4.792266882259366e-05,137165,560000000,132.65534018039196,0.0
