model,dataset,T,seed,depth,ann_accuracy,snn_accuracy,accuracy_drop,total_spikes,avg_spikes_per_sample,total_neurons,spike_density,snn_latency_ms_per_sample,ann_latency_ms_per_sample,E_SNN_pJ,E_ANN_pJ,energy_ratio,synops,mac_count,memory_mb,gpu_memory_mb
resnet34,cifar100,8,123,34,0.751,0.3549606047379323,0.3960393952620677,423342439,42334.24398129938,393216,0.10766154983850958,5.657405994123353,0.3625,38100.81958316945,3357999999.9999995,1.1346283377953975e-05,42334,730000000,146.96952953698002,0.0
