model,dataset,T,seed,depth,ann_accuracy,snn_accuracy,accuracy_drop,total_spikes,avg_spikes_per_sample,total_neurons,spike_density,snn_latency_ms_per_sample,ann_latency_ms_per_sample,E_SNN_pJ,E_ANN_pJ,energy_ratio,synops,mac_count,memory_mb,gpu_memory_mb
resnet34,mnist,16,123,34,0.996,0.653141303202775,0.342858696797225,254952443,25495.24437439791,393216,0.06483775933430458,11.314811988246706,0.3625,22945.719936958118,3357999999.9999995,6.833150666157868e-06,25495,730000000,112.51437530537942,0.0
