model,dataset,T,seed,depth,ann_accuracy,snn_accuracy,accuracy_drop,total_spikes,avg_spikes_per_sample,total_neurons,spike_density,snn_latency_ms_per_sample,ann_latency_ms_per_sample,E_SNN_pJ,E_ANN_pJ,energy_ratio,synops,mac_count,memory_mb,gpu_memory_mb
resnet34,cifar100,32,123,34,0.751,0.592777271404599,0.15822272859540099,1693369759,169336.97592519753,393216,0.4306461993540383,22.629623976493413,0.3625,152403.2783326778,3357999999.9999995,4.53851335118159e-05,169336,730000000,96.72197418224766,0.0
