model,dataset,T,seed,depth,ann_accuracy,snn_accuracy,accuracy_drop,total_spikes,avg_spikes_per_sample,total_neurons,spike_density,snn_latency_ms_per_sample,ann_latency_ms_per_sample,E_SNN_pJ,E_ANN_pJ,energy_ratio,synops,mac_count,memory_mb,gpu_memory_mb
resnet34,mnist,2,123,34,0.996,0.1601213032027749,0.8358786967972252,31869055,3186.9055467997387,393216,0.008104719916788072,1.4143514985308383,0.3625,2868.2149921197647,3357999999.9999995,8.541438332697335e-07,3186,730000000,177.76242254013096,0.0
