model,dataset,T,seed,depth,ann_accuracy,snn_accuracy,accuracy_drop,total_spikes,avg_spikes_per_sample,total_neurons,spike_density,snn_latency_ms_per_sample,ann_latency_ms_per_sample,E_SNN_pJ,E_ANN_pJ,energy_ratio,synops,mac_count,memory_mb,gpu_memory_mb
resnet34,tiny_imagenet,64,7,34,0.641,0.5972080501215775,0.0437919498784225,5050827635,505082.76352247165,393216,1.2844918912823273,44.713004080260056,0.3625,454574.4871702245,3357999999.9999995,0.00013537060368380718,505082,730000000,88.0120516155954,0.0
