model,dataset,T,seed,depth,ann_accuracy,snn_accuracy,accuracy_drop,total_spikes,avg_spikes_per_sample,total_neurons,spike_density,snn_latency_ms_per_sample,ann_latency_ms_per_sample,E_SNN_pJ,E_ANN_pJ,energy_ratio,synops,mac_count,memory_mb,gpu_memory_mb
resnet34,tiny_imagenet,2,123,34,0.641,0.09626583019158308,0.5447341698084169,152415274,15241.527456025275,393216,0.038761208740298654,1.4143514985308383,0.3625,13717.374710422748,3357999999.9999995,4.084983534968061e-06,15241,730000000,177.76242254013096,0.0
