model,dataset,T,seed,depth,ann_accuracy,snn_accuracy,accuracy_drop,total_spikes,avg_spikes_per_sample,total_neurons,spike_density,snn_latency_ms_per_sample,ann_latency_ms_per_sample,E_SNN_pJ,E_ANN_pJ,energy_ratio,synops,mac_count,memory_mb,gpu_memory_mb
resnet18,cifar10,16,123,18,0.931,0.6030698174604826,0.32793018253951745,394813981,39481.398146106425,262144,0.15060958155100412,8.146721557889446,0.2625,35533.25833149578,2576000000.0,1.3793966743593083e-05,39481,560000000,112.51437530537942,0.0
