model,dataset,T,seed,depth,ann_accuracy,snn_accuracy,accuracy_drop,total_spikes,avg_spikes_per_sample,total_neurons,spike_density,snn_latency_ms_per_sample,ann_latency_ms_per_sample,E_SNN_pJ,E_ANN_pJ,energy_ratio,synops,mac_count,memory_mb,gpu_memory_mb
resnet34,tiny_imagenet,64,123,34,0.641,0.5930408301915832,0.04795916980841686,4877288785,487728.8785928088,393216,1.240358679689557,45.259247952986826,0.3625,438955.9907335279,3357999999.9999995,0.00013071947311897795,487728,730000000,88.13089483558042,0.0
