model,dataset,T,seed,depth,ann_accuracy,snn_accuracy,accuracy_drop,total_spikes,avg_spikes_per_sample,total_neurons,spike_density,snn_latency_ms_per_sample,ann_latency_ms_per_sample,E_SNN_pJ,E_ANN_pJ,energy_ratio,synops,mac_count,memory_mb,gpu_memory_mb
resnet18,cifar100,128,42,18,0.731,0.6848060973049922,0.04619390269500778,4618825464,461882.5464447895,262144,1.7619420869628506,68.09491822394746,0.2625,415694.29180031054,2576000000.0,0.00016137200768645595,461882,560000000,168.11277531542083,0.0
