model,dataset,T,seed,depth,ann_accuracy,snn_accuracy,accuracy_drop,total_spikes,avg_spikes_per_sample,total_neurons,spike_density,snn_latency_ms_per_sample,ann_latency_ms_per_sample,E_SNN_pJ,E_ANN_pJ,energy_ratio,synops,mac_count,memory_mb,gpu_memory_mb
resnet18,cifar100,128,7,18,0.731,0.6872692820934845,0.043730717906515504,4497245380,449724.5380244533,262144,1.7155629654863482,67.98582028983165,0.2625,404752.08422200795,2576000000.0,0.00015712425629736335,449724,560000000,132.23486097333057,0.0
