model,dataset,T,seed,depth,ann_accuracy,snn_accuracy,accuracy_drop,total_spikes,avg_spikes_per_sample,total_neurons,spike_density,snn_latency_ms_per_sample,ann_latency_ms_per_sample,E_SNN_pJ,E_ANN_pJ,energy_ratio,synops,mac_count,memory_mb,gpu_memory_mb
resnet34,cifar10,32,123,34,0.941,0.761598803218049,0.179401196781951,1160314432,116031.44328697743,393216,0.2950832196222367,22.629623976493413,0.3625,104428.29895827969,3357999999.9999995,3.109836181008925e-05,116031,730000000,96.72197418224766,0.0
