model,dataset,T,seed,depth,ann_accuracy,snn_accuracy,accuracy_drop,total_spikes,avg_spikes_per_sample,total_neurons,spike_density,snn_latency_ms_per_sample,ann_latency_ms_per_sample,E_SNN_pJ,E_ANN_pJ,energy_ratio,synops,mac_count,memory_mb,gpu_memory_mb
resnet34,fashion_mnist,128,42,34,0.945,0.9147134680019959,0.030286531998004018,2988175023,298817.50230702927,393216,0.7599322059810111,91.91145024444262,0.3625,268935.75207632635,3357999999.9999995,8.008807387621393e-05,298817,730000000,168.11277531542083,0.0
