model,dataset,T,seed,depth,ann_accuracy,snn_accuracy,accuracy_drop,total_spikes,avg_spikes_per_sample,total_neurons,spike_density,snn_latency_ms_per_sample,ann_latency_ms_per_sample,E_SNN_pJ,E_ANN_pJ,energy_ratio,synops,mac_count,memory_mb,gpu_memory_mb
resnet18,cifar10,128,42,18,0.931,0.903842058000642,0.02715794199935806,3103920116,310392.0116794374,262144,1.184051558225393,68.09491822394746,0.2625,279352.8105114937,2576000000.0,0.000108444414018437,310392,560000000,168.11277531542083,0.0
