model,dataset,T,seed,depth,ann_accuracy,snn_accuracy,accuracy_drop,total_spikes,avg_spikes_per_sample,total_neurons,spike_density,snn_latency_ms_per_sample,ann_latency_ms_per_sample,E_SNN_pJ,E_ANN_pJ,energy_ratio,synops,mac_count,memory_mb,gpu_memory_mb
resnet34,cifar10,128,42,34,0.941,0.9114060593875158,0.029593940612484104,4658683569,465868.3569893105,393216,1.184764498365556,91.91145024444262,0.3625,419281.52129037946,3357999999.9999995,0.00012486048877021426,465868,730000000,168.11277531542083,0.0
