model,dataset,T,seed,depth,ann_accuracy,snn_accuracy,accuracy_drop,total_spikes,avg_spikes_per_sample,total_neurons,spike_density,snn_latency_ms_per_sample,ann_latency_ms_per_sample,E_SNN_pJ,E_ANN_pJ,energy_ratio,synops,mac_count,memory_mb,gpu_memory_mb
resnet18,cifar10,128,7,18,0.931,0.901173296863669,0.029826703136331068,3075590260,307559.02601109236,262144,1.1732445755428023,67.98582028983165,0.2625,276803.1234099831,2576000000.0,0.00010745462865294375,307559,560000000,132.23486097333057,0.0
