model,dataset,T,seed,depth,ann_accuracy,snn_accuracy,accuracy_drop,total_spikes,avg_spikes_per_sample,total_neurons,spike_density,snn_latency_ms_per_sample,ann_latency_ms_per_sample,E_SNN_pJ,E_ANN_pJ,energy_ratio,synops,mac_count,memory_mb,gpu_memory_mb
resnet34,mnist,64,123,34,0.996,0.9818213032027748,0.014178696797225165,1019809774,101980.97749759164,393216,0.2593510373372183,45.259247952986826,0.3625,91782.87974783247,3357999999.9999995,2.7332602664631472e-05,101980,730000000,88.13089483558042,0.0
