model,dataset,T,seed,depth,ann_accuracy,snn_accuracy,accuracy_drop,total_spikes,avg_spikes_per_sample,total_neurons,spike_density,snn_latency_ms_per_sample,ann_latency_ms_per_sample,E_SNN_pJ,E_ANN_pJ,energy_ratio,synops,mac_count,memory_mb,gpu_memory_mb
resnet18,cifar10,64,7,18,0.931,0.901173296863669,0.029826703136331068,1537795130,153779.51300554618,262144,0.5866222877714011,33.992910144915825,0.2625,138401.56170499156,2576000000.0,5.3727314326471876e-05,153779,560000000,88.0120516155954,0.0
