model,dataset,T,seed,depth,ann_accuracy,snn_accuracy,accuracy_drop,total_spikes,avg_spikes_per_sample,total_neurons,spike_density,snn_latency_ms_per_sample,ann_latency_ms_per_sample,E_SNN_pJ,E_ANN_pJ,energy_ratio,synops,mac_count,memory_mb,gpu_memory_mb
resnet34,mnist,4,123,34,0.996,0.32446130320277494,0.671538696797225,63738110,6373.811093599477,393216,0.016209439833576145,2.8287029970616766,0.3625,5736.429984239529,3357999999.9999995,1.708287666539467e-06,6373,730000000,59.36998516000598,0.0
