model,dataset,T,seed,depth,ann_accuracy,snn_accuracy,accuracy_drop,total_spikes,avg_spikes_per_sample,total_neurons,spike_density,snn_latency_ms_per_sample,ann_latency_ms_per_sample,E_SNN_pJ,E_ANN_pJ,energy_ratio,synops,mac_count,memory_mb,gpu_memory_mb
resnet34,cifar100,64,7,34,0.751,0.7125646393740237,0.0384353606259763,3351050236,335105.0236149291,393216,0.8522161448540474,44.713004080260056,0.3625,301594.5212534362,3357999999.9999995,8.981373473896256e-05,335105,730000000,88.0120516155954,0.0
