model,dataset,T,seed,depth,ann_accuracy,snn_accuracy,accuracy_drop,total_spikes,avg_spikes_per_sample,total_neurons,spike_density,snn_latency_ms_per_sample,ann_latency_ms_per_sample,E_SNN_pJ,E_ANN_pJ,energy_ratio,synops,mac_count,memory_mb,gpu_memory_mb
vgg16,tiny_imagenet,128,42,16,0.561,0.5018047547497431,0.05919524525025699,6787902237,678790.2237349252,196608,3.4525056138861347,57.87524633140435,0.23125,610911.2013614327,1426000000.0,0.00042840897711180414,678790,310000000,168.11277531542083,0.0
