model,dataset,T,seed,depth,ann_accuracy,snn_accuracy,accuracy_drop,total_spikes,avg_spikes_per_sample,total_neurons,spike_density,snn_latency_ms_per_sample,ann_latency_ms_per_sample,E_SNN_pJ,E_ANN_pJ,energy_ratio,synops,mac_count,memory_mb,gpu_memory_mb
vgg11,mnist,128,7,11,0.994,0.9681618564640403,0.0258381435359597,1036766774,103676.67740627965,131072,0.7909902756216404,39.645234942271216,0.15,93309.00966565168,736000000.0,0.00012677854574137456,103676,160000000,132.23486097333057,0.0
