model,dataset,T,seed,depth,ann_accuracy,snn_accuracy,accuracy_drop,total_spikes,avg_spikes_per_sample,total_neurons,spike_density,snn_latency_ms_per_sample,ann_latency_ms_per_sample,E_SNN_pJ,E_ANN_pJ,energy_ratio,synops,mac_count,memory_mb,gpu_memory_mb
vgg11,cifar100,128,7,11,0.692,0.6470916615878727,0.04490833841212727,3675871440,367587.1440923062,131072,2.8044673468956467,39.645234942271216,0.15,330828.4296830756,736000000.0,0.0004494951490259179,367587,160000000,132.23486097333057,0.0
