model,dataset,T,seed,depth,ann_accuracy,snn_accuracy,accuracy_drop,total_spikes,avg_spikes_per_sample,total_neurons,spike_density,snn_latency_ms_per_sample,ann_latency_ms_per_sample,E_SNN_pJ,E_ANN_pJ,energy_ratio,synops,mac_count,memory_mb,gpu_memory_mb
vgg16,fashion_mnist,128,42,16,0.939,0.9077188874816607,0.031281112518339205,2112511047,211251.10472941515,196608,1.074478682095414,57.87524633140435,0.23125,190125.99425647364,1426000000.0,0.00013332818671561966,211251,310000000,168.11277531542083,0.0
