model,dataset,T,seed,depth,ann_accuracy,snn_accuracy,accuracy_drop,total_spikes,avg_spikes_per_sample,total_neurons,spike_density,snn_latency_ms_per_sample,ann_latency_ms_per_sample,E_SNN_pJ,E_ANN_pJ,energy_ratio,synops,mac_count,memory_mb,gpu_memory_mb
vgg16,cifar100,32,7,16,0.721,0.5693421910565514,0.1516578089434486,1243180686,124318.06866931659,196608,0.632314395494164,14.932639205999296,0.23125,111886.26180238494,1426000000.0,7.846161416717036e-05,124318,310000000,125.25679357271122,0.0
