model,dataset,T,seed,depth,ann_accuracy,snn_accuracy,accuracy_drop,total_spikes,avg_spikes_per_sample,total_neurons,spike_density,snn_latency_ms_per_sample,ann_latency_ms_per_sample,E_SNN_pJ,E_ANN_pJ,energy_ratio,synops,mac_count,memory_mb,gpu_memory_mb
vgg11,cifar100,64,42,11,0.692,0.64016568400286,0.051834315997139946,1741171300,174117.13006611503,131072,1.328408279923363,18.843028148726543,0.15,156705.41705950352,736000000.0,0.00021291496883084717,174117,160000000,197.36117831950034,0.0
