model,dataset,T,seed,depth,ann_accuracy,snn_accuracy,accuracy_drop,total_spikes,avg_spikes_per_sample,total_neurons,spike_density,snn_latency_ms_per_sample,ann_latency_ms_per_sample,E_SNN_pJ,E_ANN_pJ,energy_ratio,synops,mac_count,memory_mb,gpu_memory_mb
vgg16,cifar10,8,123,16,0.931,0.45050082994993523,0.4804991700500648,215397666,21539.76660715707,196608,0.10955691837136368,3.710564487909029,0.23125,19385.789946441364,1426000000.0,1.3594523104096329e-05,21539,310000000,146.96952953698002,0.0
