model,dataset,T,seed,depth,ann_accuracy,snn_accuracy,accuracy_drop,total_spikes,avg_spikes_per_sample,total_neurons,spike_density,snn_latency_ms_per_sample,ann_latency_ms_per_sample,E_SNN_pJ,E_ANN_pJ,energy_ratio,synops,mac_count,memory_mb,gpu_memory_mb
vgg16,cifar100,32,123,16,0.721,0.5612785424261894,0.15972145757381062,1309993157,130999.3157604602,196608,0.666296975506898,14.842257951636116,0.23125,117899.38418441419,1426000000.0,8.2678390031146e-05,130999,310000000,96.72197418224766,0.0
