model,dataset,T,seed,depth,ann_accuracy,snn_accuracy,accuracy_drop,total_spikes,avg_spikes_per_sample,total_neurons,spike_density,snn_latency_ms_per_sample,ann_latency_ms_per_sample,E_SNN_pJ,E_ANN_pJ,energy_ratio,synops,mac_count,memory_mb,gpu_memory_mb
vgg16,cifar100,32,42,16,0.721,0.5610541720317536,0.1599458279682464,1210385881,121038.58814148091,196608,0.6156340949578903,14.468811582851087,0.23125,108934.72932733283,1426000000.0,7.63918157975686e-05,121038,310000000,184.15674026583608,0.0
