model,dataset,T,seed,depth,ann_accuracy,snn_accuracy,accuracy_drop,total_spikes,avg_spikes_per_sample,total_neurons,spike_density,snn_latency_ms_per_sample,ann_latency_ms_per_sample,E_SNN_pJ,E_ANN_pJ,energy_ratio,synops,mac_count,memory_mb,gpu_memory_mb
vgg16,cifar10,16,7,16,0.931,0.5926171926053206,0.3383828073946794,419672996,41967.299665416176,196608,0.21345672437243743,7.466319602999648,0.23125,37770.56969887456,1426000000.0,2.6487075525157477e-05,41967,310000000,154.08996209860464,0.0
