model,dataset,T,seed,depth,ann_accuracy,snn_accuracy,accuracy_drop,total_spikes,avg_spikes_per_sample,total_neurons,spike_density,snn_latency_ms_per_sample,ann_latency_ms_per_sample,E_SNN_pJ,E_ANN_pJ,energy_ratio,synops,mac_count,memory_mb,gpu_memory_mb
vgg16,cifar10,128,123,16,0.931,0.8973808299499353,0.03361917005006476,3446362657,344636.26571451314,196608,1.7529106939418189,59.36903180654446,0.23125,310172.6391430618,1426000000.0,0.00021751236966554126,344636,310000000,132.65534018039196,0.0
