model,dataset,T,seed,depth,ann_accuracy,snn_accuracy,accuracy_drop,total_spikes,avg_spikes_per_sample,total_neurons,spike_density,snn_latency_ms_per_sample,ann_latency_ms_per_sample,E_SNN_pJ,E_ANN_pJ,energy_ratio,synops,mac_count,memory_mb,gpu_memory_mb
vgg16,tiny_imagenet,32,42,16,0.561,0.4167197547497431,0.14428024525025696,1696975559,169697.5559337313,196608,0.8631264034715337,14.468811582851087,0.23125,152727.80034035817,1426000000.0,0.00010710224427795104,169697,310000000,184.15674026583608,0.0
