model,dataset,T,seed,depth,ann_accuracy,snn_accuracy,accuracy_drop,total_spikes,avg_spikes_per_sample,total_neurons,spike_density,snn_latency_ms_per_sample,ann_latency_ms_per_sample,E_SNN_pJ,E_ANN_pJ,energy_ratio,synops,mac_count,memory_mb,gpu_memory_mb
vgg16,cifar100,2,123,16,0.721,0.11425854242618935,0.6067414575738106,81874572,8187.457235028763,196608,0.04164356096918113,0.9276411219772572,0.23125,7368.711511525887,1426000000.0,5.167399376946625e-06,8187,310000000,177.76242254013096,0.0
