model,dataset,T,seed,depth,ann_accuracy,snn_accuracy,accuracy_drop,total_spikes,avg_spikes_per_sample,total_neurons,spike_density,snn_latency_ms_per_sample,ann_latency_ms_per_sample,E_SNN_pJ,E_ANN_pJ,energy_ratio,synops,mac_count,memory_mb,gpu_memory_mb
vgg11,cifar100,4,7,11,0.692,0.21805166158787262,0.47394833841212736,114870982,11487.098252884569,131072,0.08763960459048896,1.2389135919459755,0.15,10338.388427596112,736000000.0,1.4046723407059935e-05,11487,160000000,69.28553041537994,0.0
