model,dataset,T,seed,depth,ann_accuracy,snn_accuracy,accuracy_drop,total_spikes,avg_spikes_per_sample,total_neurons,spike_density,snn_latency_ms_per_sample,ann_latency_ms_per_sample,E_SNN_pJ,E_ANN_pJ,energy_ratio,synops,mac_count,memory_mb,gpu_memory_mb
vgg16,cifar10,128,7,16,0.931,0.8905371926053206,0.040462807394679445,3357383973,335738.3973233294,196608,1.7076537949794994,59.73055682399718,0.23125,302164.5575909965,1426000000.0,0.00021189660420125982,335738,310000000,132.23486097333057,0.0
