model,dataset,T,seed,depth,ann_accuracy,snn_accuracy,accuracy_drop,total_spikes,avg_spikes_per_sample,total_neurons,spike_density,snn_latency_ms_per_sample,ann_latency_ms_per_sample,E_SNN_pJ,E_ANN_pJ,energy_ratio,synops,mac_count,memory_mb,gpu_memory_mb
vgg11,cifar10,128,42,11,0.912,0.8732953965262229,0.03870460347377713,2402657851,240265.7851923062,131072,1.8330824675926682,37.686056297453085,0.15,216239.2066730756,736000000.0,0.000293803269936244,240265,160000000,168.11277531542083,0.0
