model,dataset,T,seed,depth,ann_accuracy,snn_accuracy,accuracy_drop,total_spikes,avg_spikes_per_sample,total_neurons,spike_density,snn_latency_ms_per_sample,ann_latency_ms_per_sample,E_SNN_pJ,E_ANN_pJ,energy_ratio,synops,mac_count,memory_mb,gpu_memory_mb
vgg16,tiny_imagenet,64,123,16,0.561,0.5169679352876395,0.04403206471236054,3620550466,362055.04667789326,196608,1.8415071954238549,29.68451590327223,0.23125,325849.54201010393,1426000000.0,0.0002285059901894137,362055,310000000,88.13089483558042,0.0
