model,dataset,T,seed,depth,ann_accuracy,snn_accuracy,accuracy_drop,total_spikes,avg_spikes_per_sample,total_neurons,spike_density,snn_latency_ms_per_sample,ann_latency_ms_per_sample,E_SNN_pJ,E_ANN_pJ,energy_ratio,synops,mac_count,memory_mb,gpu_memory_mb
vgg16,cifar10,64,123,16,0.931,0.8973808299499353,0.03361917005006476,1723181328,172318.13285725657,196608,0.8764553469709094,29.68451590327223,0.23125,155086.3195715309,1426000000.0,0.00010875618483277063,172318,310000000,88.13089483558042,0.0
