model,dataset,T,seed,depth,ann_accuracy,snn_accuracy,accuracy_drop,total_spikes,avg_spikes_per_sample,total_neurons,spike_density,snn_latency_ms_per_sample,ann_latency_ms_per_sample,E_SNN_pJ,E_ANN_pJ,energy_ratio,synops,mac_count,memory_mb,gpu_memory_mb
vgg16,tiny_imagenet,64,42,16,0.561,0.5018047547497431,0.05919524525025699,3393951118,339395.1118674626,196608,1.7262528069430674,28.937623165702174,0.23125,305455.60068071634,1426000000.0,0.00021420448855590207,339395,310000000,197.36117831950034,0.0
