model,dataset,T,seed,depth,ann_accuracy,snn_accuracy,accuracy_drop,total_spikes,avg_spikes_per_sample,total_neurons,spike_density,snn_latency_ms_per_sample,ann_latency_ms_per_sample,E_SNN_pJ,E_ANN_pJ,energy_ratio,synops,mac_count,memory_mb,gpu_memory_mb
vgg16,cifar100,128,7,16,0.721,0.6810971910565513,0.039902808943448664,4972722746,497272.27467726637,196608,2.529257581976656,59.73055682399718,0.23125,447545.04720953974,1426000000.0,0.00031384645666868144,497272,310000000,132.23486097333057,0.0
