model,dataset,T,seed,depth,ann_accuracy,snn_accuracy,accuracy_drop,total_spikes,avg_spikes_per_sample,total_neurons,spike_density,snn_latency_ms_per_sample,ann_latency_ms_per_sample,E_SNN_pJ,E_ANN_pJ,energy_ratio,synops,mac_count,memory_mb,gpu_memory_mb
vgg16,cifar10,128,42,16,0.931,0.8894783739430365,0.04152162605696352,3390959491,339095.94919677684,196608,1.7247311869139448,57.87524633140435,0.23125,305186.3542770992,1426000000.0,0.0002140156762111495,339095,310000000,168.11277531542083,0.0
