model,dataset,T,seed,depth,ann_accuracy,snn_accuracy,accuracy_drop,total_spikes,avg_spikes_per_sample,total_neurons,spike_density,snn_latency_ms_per_sample,ann_latency_ms_per_sample,E_SNN_pJ,E_ANN_pJ,energy_ratio,synops,mac_count,memory_mb,gpu_memory_mb
vgg16,tiny_imagenet,32,123,16,0.561,0.43188293528763944,0.12911706471236062,1810275233,181027.52333894663,196608,0.9207535977119274,14.842257951636116,0.23125,162924.77100505197,1426000000.0,0.00011425299509470685,181027,310000000,96.72197418224766,0.0
