model,dataset,T,seed,depth,ann_accuracy,snn_accuracy,accuracy_drop,total_spikes,avg_spikes_per_sample,total_neurons,spike_density,snn_latency_ms_per_sample,ann_latency_ms_per_sample,E_SNN_pJ,E_ANN_pJ,energy_ratio,synops,mac_count,memory_mb,gpu_memory_mb
vgg16,cifar100,128,123,16,0.721,0.6730335424261893,0.047966457573810684,5239972630,523997.2630418408,196608,2.665187902027592,59.36903180654446,0.23125,471597.53673765674,1426000000.0,0.000330713560124584,523997,310000000,132.65534018039196,0.0
