model,dataset,T,seed,depth,ann_accuracy,snn_accuracy,accuracy_drop,total_spikes,avg_spikes_per_sample,total_neurons,spike_density,snn_latency_ms_per_sample,ann_latency_ms_per_sample,E_SNN_pJ,E_ANN_pJ,energy_ratio,synops,mac_count,memory_mb,gpu_memory_mb
vgg16,cifar10,8,7,16,0.931,0.4436571926053206,0.48734280739467944,209836498,20983.649832708088,196608,0.10672836218621871,3.733159801499824,0.23125,18885.28484943728,1426000000.0,1.3243537762578739e-05,20983,310000000,153.91150519477287,0.0
