model,dataset,T,seed,depth,ann_accuracy,snn_accuracy,accuracy_drop,total_spikes,avg_spikes_per_sample,total_neurons,spike_density,snn_latency_ms_per_sample,ann_latency_ms_per_sample,E_SNN_pJ,E_ANN_pJ,energy_ratio,synops,mac_count,memory_mb,gpu_memory_mb
vgg16,tiny_imagenet,32,7,16,0.561,0.4238431264692211,0.13715687353077893,1855214411,185521.44116790767,196608,0.9436108457840356,14.932639205999296,0.23125,166969.2970511169,1426000000.0,0.00011708926861929657,185521,310000000,125.25679357271122,0.0
