model,dataset,T,seed,depth,ann_accuracy,snn_accuracy,accuracy_drop,total_spikes,avg_spikes_per_sample,total_neurons,spike_density,snn_latency_ms_per_sample,ann_latency_ms_per_sample,E_SNN_pJ,E_ANN_pJ,energy_ratio,synops,mac_count,memory_mb,gpu_memory_mb
vgg11,cifar100,8,123,11,0.692,0.31997659510918336,0.3720234048908166,218209363,21820.93635417505,131072,0.16648053248729744,2.3931948811411594,0.15,19638.842718757547,736000000.0,2.6683210215703187e-05,21820,160000000,146.96952953698002,0.0
