model,dataset,T,seed,depth,ann_accuracy,snn_accuracy,accuracy_drop,total_spikes,avg_spikes_per_sample,total_neurons,spike_density,snn_latency_ms_per_sample,ann_latency_ms_per_sample,E_SNN_pJ,E_ANN_pJ,energy_ratio,synops,mac_count,memory_mb,gpu_memory_mb
vgg16,mnist,128,123,16,0.995,0.9808567316762303,0.014143268323769664,1442437232,144243.72321273616,196608,0.7336615153642586,59.36903180654446,0.23125,129819.35089146256,1426000000.0,9.103741296736505e-05,144243,310000000,132.65534018039196,0.0
