model,dataset,T,seed,depth,ann_accuracy,snn_accuracy,accuracy_drop,total_spikes,avg_spikes_per_sample,total_neurons,spike_density,snn_latency_ms_per_sample,ann_latency_ms_per_sample,E_SNN_pJ,E_ANN_pJ,energy_ratio,synops,mac_count,memory_mb,gpu_memory_mb
vgg16,cifar100,128,42,16,0.721,0.6728091720317535,0.048190827968246475,4841543525,484154.35256592365,196608,2.4625363798315614,57.87524633140435,0.23125,435738.9173093313,1426000000.0,0.0003055672631902744,484154,310000000,168.11277531542083,0.0
