model,dataset,T,seed,depth,ann_accuracy,snn_accuracy,accuracy_drop,total_spikes,avg_spikes_per_sample,total_neurons,spike_density,snn_latency_ms_per_sample,ann_latency_ms_per_sample,E_SNN_pJ,E_ANN_pJ,energy_ratio,synops,mac_count,memory_mb,gpu_memory_mb
vgg16,cifar10,4,42,16,0.931,0.29363837394303655,0.6373616260569634,105967484,10596.748412399276,196608,0.053897849591060774,1.8086014478563859,0.23125,9537.07357115935,1426000000.0,6.687989881598422e-06,10596,310000000,185.8406415035468,0.0
