model,dataset,T,seed,depth,ann_accuracy,snn_accuracy,accuracy_drop,total_spikes,avg_spikes_per_sample,total_neurons,spike_density,snn_latency_ms_per_sample,ann_latency_ms_per_sample,E_SNN_pJ,E_ANN_pJ,energy_ratio,synops,mac_count,memory_mb,gpu_memory_mb
vgg16,cifar100,64,7,16,0.721,0.6810971910565513,0.039902808943448664,2486361373,248636.13733863318,196608,1.264628790988328,29.86527841199859,0.23125,223772.52360476987,1426000000.0,0.00015692322833434072,248636,310000000,88.0120516155954,0.0
