model,dataset,T,seed,depth,ann_accuracy,snn_accuracy,accuracy_drop,total_spikes,avg_spikes_per_sample,total_neurons,spike_density,snn_latency_ms_per_sample,ann_latency_ms_per_sample,E_SNN_pJ,E_ANN_pJ,energy_ratio,synops,mac_count,memory_mb,gpu_memory_mb
vgg11,cifar100,64,7,11,0.692,0.6470916615878727,0.04490833841212727,1837935720,183793.5720461531,131072,1.4022336734478233,19.822617471135608,0.15,165414.2148415378,736000000.0,0.00022474757451295896,183793,160000000,88.0120516155954,0.0
