model,dataset,T,seed,depth,ann_accuracy,snn_accuracy,accuracy_drop,total_spikes,avg_spikes_per_sample,total_neurons,spike_density,snn_latency_ms_per_sample,ann_latency_ms_per_sample,E_SNN_pJ,E_ANN_pJ,energy_ratio,synops,mac_count,memory_mb,gpu_memory_mb
vgg16,cifar10,4,123,16,0.931,0.30154082994993525,0.6294591700500648,107698833,10769.883303578536,196608,0.05477845918568184,1.8552822439545145,0.23125,9692.894973220682,1426000000.0,6.797261552048164e-06,10769,310000000,59.36998516000598,0.0
