model,dataset,T,seed,depth,ann_accuracy,snn_accuracy,accuracy_drop,total_spikes,avg_spikes_per_sample,total_neurons,spike_density,snn_latency_ms_per_sample,ann_latency_ms_per_sample,E_SNN_pJ,E_ANN_pJ,energy_ratio,synops,mac_count,memory_mb,gpu_memory_mb
vgg11,cifar10,128,7,11,0.912,0.8725902591149234,0.03940974088507665,2421247719,242124.77197916113,131072,1.8472654112179652,39.645234942271216,0.15,217912.29478124503,736000000.0,0.0002960764874745177,242124,160000000,132.23486097333057,0.0
