model,dataset,T,seed,depth,ann_accuracy,snn_accuracy,accuracy_drop,total_spikes,avg_spikes_per_sample,total_neurons,spike_density,snn_latency_ms_per_sample,ann_latency_ms_per_sample,E_SNN_pJ,E_ANN_pJ,energy_ratio,synops,mac_count,memory_mb,gpu_memory_mb
vgg16,cifar100,8,42,16,0.721,0.3375441720317535,0.38345582796824645,302596470,30259.647035370228,196608,0.15390852373947259,3.6172028957127718,0.23125,27233.682331833206,1426000000.0,1.909795394939215e-05,30259,310000000,168.11340378299354,0.0
