model,dataset,T,seed,depth,ann_accuracy,snn_accuracy,accuracy_drop,total_spikes,avg_spikes_per_sample,total_neurons,spike_density,snn_latency_ms_per_sample,ann_latency_ms_per_sample,E_SNN_pJ,E_ANN_pJ,energy_ratio,synops,mac_count,memory_mb,gpu_memory_mb
vgg11,mnist,128,42,11,0.994,0.9746155977860236,0.019384402213976415,1054701413,105470.14130884004,131072,0.804673319311829,37.686056297453085,0.15,94923.12717795605,736000000.0,0.00012897164018744027,105470,160000000,168.11277531542083,0.0
