model,dataset,T,seed,depth,ann_accuracy,snn_accuracy,accuracy_drop,total_spikes,avg_spikes_per_sample,total_neurons,spike_density,snn_latency_ms_per_sample,ann_latency_ms_per_sample,E_SNN_pJ,E_ANN_pJ,energy_ratio,synops,mac_count,memory_mb,gpu_memory_mb
vgg16,cifar10,2,123,16,0.931,0.15258082994993527,0.7784191700500648,53849416,5384.941651789268,196608,0.02738922959284092,0.9276411219772572,0.23125,4846.447486610341,1426000000.0,3.398630776024082e-06,5384,310000000,177.76242254013096,0.0
