model,dataset,T,seed,depth,ann_accuracy,snn_accuracy,accuracy_drop,total_spikes,avg_spikes_per_sample,total_neurons,spike_density,snn_latency_ms_per_sample,ann_latency_ms_per_sample,E_SNN_pJ,E_ANN_pJ,energy_ratio,synops,mac_count,memory_mb,gpu_memory_mb
vgg11,cifar100,4,123,11,0.692,0.21271659510918337,0.47928340489081656,109104681,10910.468177087525,131072,0.08324026624364872,1.1965974405705797,0.15,9819.421359378774,736000000.0,1.3341605107851594e-05,10910,160000000,59.36998516000598,0.0
