model,dataset,T,seed,depth,ann_accuracy,snn_accuracy,accuracy_drop,total_spikes,avg_spikes_per_sample,total_neurons,spike_density,snn_latency_ms_per_sample,ann_latency_ms_per_sample,E_SNN_pJ,E_ANN_pJ,energy_ratio,synops,mac_count,memory_mb,gpu_memory_mb
vgg16,cifar100,8,123,16,0.721,0.33776854242618937,0.3832314575738106,327498289,32749.82894011505,196608,0.1665742438767245,3.710564487909029,0.23125,29474.846046103547,1426000000.0,2.06695975077865e-05,32749,310000000,146.96952953698002,0.0
