model,dataset,T,seed,depth,ann_accuracy,snn_accuracy,accuracy_drop,total_spikes,avg_spikes_per_sample,total_neurons,spike_density,snn_latency_ms_per_sample,ann_latency_ms_per_sample,E_SNN_pJ,E_ANN_pJ,energy_ratio,synops,mac_count,memory_mb,gpu_memory_mb
vgg16,mnist,16,7,16,0.995,0.6520275878738031,0.3429724121261969,179507577,17950.757781207623,196608,0.09130227549849255,7.466319602999648,0.23125,16155.682003086862,1426000000.0,1.1329370268644363e-05,17950,310000000,154.08996209860464,0.0
