model,dataset,T,seed,depth,ann_accuracy,snn_accuracy,accuracy_drop,total_spikes,avg_spikes_per_sample,total_neurons,spike_density,snn_latency_ms_per_sample,ann_latency_ms_per_sample,E_SNN_pJ,E_ANN_pJ,energy_ratio,synops,mac_count,memory_mb,gpu_memory_mb
vgg16,cifar100,4,42,16,0.721,0.22578917203175353,0.49521082796824645,151298235,15129.823517685114,196608,0.07695426186973629,1.8086014478563859,0.23125,13616.841165916603,1426000000.0,9.548976974696075e-06,15129,310000000,185.8406415035468,0.0
