model,dataset,T,seed,depth,ann_accuracy,snn_accuracy,accuracy_drop,total_spikes,avg_spikes_per_sample,total_neurons,spike_density,snn_latency_ms_per_sample,ann_latency_ms_per_sample,E_SNN_pJ,E_ANN_pJ,energy_ratio,synops,mac_count,memory_mb,gpu_memory_mb
vgg16,cifar10,16,123,16,0.931,0.5994608299499353,0.3315391700500647,430795332,43079.53321431414,196608,0.21911383674272736,7.421128975818058,0.23125,38771.57989288273,1426000000.0,2.7189046208192658e-05,43079,310000000,112.51437530537942,0.0
