model,dataset,T,seed,depth,ann_accuracy,snn_accuracy,accuracy_drop,total_spikes,avg_spikes_per_sample,total_neurons,spike_density,snn_latency_ms_per_sample,ann_latency_ms_per_sample,E_SNN_pJ,E_ANN_pJ,energy_ratio,synops,mac_count,memory_mb,gpu_memory_mb
vgg11,cifar100,128,42,11,0.692,0.64016568400286,0.051834315997139946,3482342601,348234.26013223006,131072,2.656816559846726,37.686056297453085,0.15,313410.83411900705,736000000.0,0.00042582993766169435,348234,160000000,168.11277531542083,0.0
