model,dataset,T,seed,depth,ann_accuracy,snn_accuracy,accuracy_drop,total_spikes,avg_spikes_per_sample,total_neurons,spike_density,snn_latency_ms_per_sample,ann_latency_ms_per_sample,E_SNN_pJ,E_ANN_pJ,energy_ratio,synops,mac_count,memory_mb,gpu_memory_mb
vgg11,cifar10,8,123,11,0.912,0.4341677602540213,0.4778322397459787,152555604,15255.560407648092,131072,0.11639068914526438,2.3931948811411594,0.15,13730.004366883284,736000000.0,1.8654897237613157e-05,15255,160000000,146.96952953698002,0.0
