model,dataset,T,seed,depth,ann_accuracy,snn_accuracy,accuracy_drop,total_spikes,avg_spikes_per_sample,total_neurons,spike_density,snn_latency_ms_per_sample,ann_latency_ms_per_sample,E_SNN_pJ,E_ANN_pJ,energy_ratio,synops,mac_count,memory_mb,gpu_memory_mb
vgg16,cifar10,64,42,16,0.931,0.8894783739430365,0.04152162605696352,1695479745,169547.97459838842,196608,0.8623655934569724,28.937623165702174,0.23125,152593.1771385496,1426000000.0,0.00010700783810557476,169547,310000000,197.36117831950034,0.0
