model,dataset,T,seed,depth,ann_accuracy,snn_accuracy,accuracy_drop,total_spikes,avg_spikes_per_sample,total_neurons,spike_density,snn_latency_ms_per_sample,ann_latency_ms_per_sample,E_SNN_pJ,E_ANN_pJ,energy_ratio,synops,mac_count,memory_mb,gpu_memory_mb
vgg16,cifar10,32,123,16,0.931,0.7484208299499353,0.18257917005006474,861590664,86159.06642862828,196608,0.4382276734854547,14.842257951636116,0.23125,77543.15978576546,1426000000.0,5.4378092416385315e-05,86159,310000000,96.72197418224766,0.0
