model,dataset,T,seed,depth,ann_accuracy,snn_accuracy,accuracy_drop,total_spikes,avg_spikes_per_sample,total_neurons,spike_density,snn_latency_ms_per_sample,ann_latency_ms_per_sample,E_SNN_pJ,E_ANN_pJ,energy_ratio,synops,mac_count,memory_mb,gpu_memory_mb
vgg11,cifar10,128,123,11,0.912,0.8719277602540213,0.04007223974597873,2440889665,244088.96652236948,131072,1.86225102632423,38.29111809825855,0.15,219680.06987013255,736000000.0,0.0002984783558018105,244088,160000000,132.65534018039196,0.0
