model,dataset,T,seed,depth,ann_accuracy,snn_accuracy,accuracy_drop,total_spikes,avg_spikes_per_sample,total_neurons,spike_density,snn_latency_ms_per_sample,ann_latency_ms_per_sample,E_SNN_pJ,E_ANN_pJ,energy_ratio,synops,mac_count,memory_mb,gpu_memory_mb
vgg11,cifar10,64,42,11,0.912,0.8732953965262229,0.03870460347377713,1201328925,120132.8925961531,131072,0.9165412337963341,18.843028148726543,0.15,108119.6033365378,736000000.0,0.000146901634968122,120132,160000000,197.36117831950034,0.0
