model,dataset,T,seed,depth,ann_accuracy,snn_accuracy,accuracy_drop,total_spikes,avg_spikes_per_sample,total_neurons,spike_density,snn_latency_ms_per_sample,ann_latency_ms_per_sample,E_SNN_pJ,E_ANN_pJ,energy_ratio,synops,mac_count,memory_mb,gpu_memory_mb
vgg9,cifar100,128,123,9,0.641,0.589929873472717,0.051070126527283044,3201731004,320173.1004732637,98304,3.256969202405433,31.32733031418241,0.11875,288155.79042593733,552000000.0,0.0005220213594672778,320173,120000000,132.65534018039196,0.0
