model,dataset,T,seed,depth,ann_accuracy,snn_accuracy,accuracy_drop,total_spikes,avg_spikes_per_sample,total_neurons,spike_density,snn_latency_ms_per_sample,ann_latency_ms_per_sample,E_SNN_pJ,E_ANN_pJ,energy_ratio,synops,mac_count,memory_mb,gpu_memory_mb
vgg9,cifar10,64,123,9,0.895,0.8528522689479446,0.04214773105205538,1048038617,104803.86170493133,98304,1.0661200124606458,15.663665157091206,0.11875,94323.4755344382,552000000.0,0.0001708758614754315,104803,120000000,88.13089483558042,0.0
