model,dataset,T,seed,depth,ann_accuracy,snn_accuracy,accuracy_drop,total_spikes,avg_spikes_per_sample,total_neurons,spike_density,snn_latency_ms_per_sample,ann_latency_ms_per_sample,E_SNN_pJ,E_ANN_pJ,energy_ratio,synops,mac_count,memory_mb,gpu_memory_mb
vgg9,cifar10,64,42,9,0.895,0.8561379323153699,0.038862067684630075,1083500039,108350.00393060065,98304,1.1021932365987208,15.357292024784655,0.11875,97515.00353754059,552000000.0,0.00017665761510424018,108350,120000000,197.36117831950034,0.0
