model,dataset,T,seed,depth,ann_accuracy,snn_accuracy,accuracy_drop,total_spikes,avg_spikes_per_sample,total_neurons,spike_density,snn_latency_ms_per_sample,ann_latency_ms_per_sample,E_SNN_pJ,E_ANN_pJ,energy_ratio,synops,mac_count,memory_mb,gpu_memory_mb
vgg9,cifar10,128,42,9,0.895,0.85613793231537,0.038862067684629964,2167000078,216700.0078612013,98304,2.2043864731974416,30.71458404956931,0.11875,195030.00707508117,552000000.0,0.00035331523020848036,216700,120000000,168.11277531542083,0.0
