model,dataset,T,seed,depth,ann_accuracy,snn_accuracy,accuracy_drop,total_spikes,avg_spikes_per_sample,total_neurons,spike_density,snn_latency_ms_per_sample,ann_latency_ms_per_sample,E_SNN_pJ,E_ANN_pJ,energy_ratio,synops,mac_count,memory_mb,gpu_memory_mb
vgg9,cifar100,32,42,9,0.641,0.48183337205192145,0.15916662794807857,731187335,73118.73351644768,98304,0.7438022208297493,7.678646012392328,0.11875,65806.86016480291,552000000.0,0.00011921532638551253,73118,120000000,184.15674026583608,0.0
