model,dataset,T,seed,depth,ann_accuracy,snn_accuracy,accuracy_drop,total_spikes,avg_spikes_per_sample,total_neurons,spike_density,snn_latency_ms_per_sample,ann_latency_ms_per_sample,E_SNN_pJ,E_ANN_pJ,energy_ratio,synops,mac_count,memory_mb,gpu_memory_mb
vgg9,cifar100,64,42,9,0.641,0.5801200387185881,0.06087996128141193,1462374670,146237.46703289537,98304,1.4876044416594987,15.357292024784655,0.11875,131613.72032960583,552000000.0,0.00023843065277102507,146237,120000000,197.36117831950034,0.0
