model,dataset,T,seed,depth,ann_accuracy,snn_accuracy,accuracy_drop,total_spikes,avg_spikes_per_sample,total_neurons,spike_density,snn_latency_ms_per_sample,ann_latency_ms_per_sample,E_SNN_pJ,E_ANN_pJ,energy_ratio,synops,mac_count,memory_mb,gpu_memory_mb
vgg9,cifar100,64,7,9,0.641,0.588590100647237,0.05240989935276297,1530759903,153075.99031638453,98304,1.557169497847336,15.058292769295342,0.11875,137768.3912847461,552000000.0,0.00024958041899410526,153075,120000000,88.0120516155954,0.0
