model,dataset,T,seed,depth,ann_accuracy,snn_accuracy,accuracy_drop,total_spikes,avg_spikes_per_sample,total_neurons,spike_density,snn_latency_ms_per_sample,ann_latency_ms_per_sample,E_SNN_pJ,E_ANN_pJ,energy_ratio,synops,mac_count,memory_mb,gpu_memory_mb
vgg9,mnist,128,123,9,0.993,0.9641667248136261,0.028833275186373908,901342353,90134.23531184244,98304,0.9168928559554285,31.32733031418241,0.11875,81120.8117806582,552000000.0,0.00014695799235626487,90134,120000000,132.65534018039196,0.0
