model,dataset,T,seed,depth,ann_accuracy,snn_accuracy,accuracy_drop,total_spikes,avg_spikes_per_sample,total_neurons,spike_density,snn_latency_ms_per_sample,ann_latency_ms_per_sample,E_SNN_pJ,E_ANN_pJ,energy_ratio,synops,mac_count,memory_mb,gpu_memory_mb
vgg9,cifar10,128,123,9,0.895,0.8528522689479447,0.04214773105205527,2096077234,209607.72340986266,98304,2.1322400249212916,31.32733031418241,0.11875,188646.9510688764,552000000.0,0.000341751722950863,209607,120000000,132.65534018039196,0.0
