model,dataset,T,seed,depth,ann_accuracy,snn_accuracy,accuracy_drop,total_spikes,avg_spikes_per_sample,total_neurons,spike_density,snn_latency_ms_per_sample,ann_latency_ms_per_sample,E_SNN_pJ,E_ANN_pJ,energy_ratio,synops,mac_count,memory_mb,gpu_memory_mb
vgg9,cifar100,64,123,9,0.641,0.589929873472717,0.051070126527283044,1600865502,160086.55023663185,98304,1.6284846012027165,15.663665157091206,0.11875,144077.89521296867,552000000.0,0.0002610106797336389,160086,120000000,88.13089483558042,0.0
