model,dataset,T,seed,depth,ann_accuracy,snn_accuracy,accuracy_drop,total_spikes,avg_spikes_per_sample,total_neurons,spike_density,snn_latency_ms_per_sample,ann_latency_ms_per_sample,E_SNN_pJ,E_ANN_pJ,energy_ratio,synops,mac_count,memory_mb,gpu_memory_mb
vgg9,cifar10,128,7,9,0.895,0.8533815737375421,0.04161842626245793,2040788659,204078.86596983258,98304,2.0759975786319234,30.116585538590684,0.11875,183670.97937284934,552000000.0,0.00033273728147255316,204078,120000000,132.23486097333057,0.0
