model,dataset,T,seed,depth,ann_accuracy,snn_accuracy,accuracy_drop,total_spikes,avg_spikes_per_sample,total_neurons,spike_density,snn_latency_ms_per_sample,ann_latency_ms_per_sample,E_SNN_pJ,E_ANN_pJ,energy_ratio,synops,mac_count,memory_mb,gpu_memory_mb
vgg9,cifar100,128,42,9,0.641,0.5801200387185881,0.06087996128141193,2924749340,292474.93406579073,98304,2.9752088833189974,30.71458404956931,0.11875,263227.44065921166,552000000.0,0.00047686130554205013,292474,120000000,168.11277531542083,0.0
