model,dataset,T,seed,depth,ann_accuracy,snn_accuracy,accuracy_drop,total_spikes,avg_spikes_per_sample,total_neurons,spike_density,snn_latency_ms_per_sample,ann_latency_ms_per_sample,E_SNN_pJ,E_ANN_pJ,energy_ratio,synops,mac_count,memory_mb,gpu_memory_mb
vgg9,cifar100,32,123,9,0.641,0.4916432068060504,0.14935679319394962,800432751,80043.27511831593,98304,0.8142423006013583,7.831832578545603,0.11875,72038.94760648433,552000000.0,0.00013050533986681945,80043,120000000,96.72197418224766,0.0
